{
    "serial_rx": 3,
    "serial_tx": 1,

    "radio_miso": 33,
    "radio_mosi": 32,
    "radio_rst": 26,
    "radio_sck": 25,

    "radio_dio0": 36,
    "radio_dio1": 37,
    "radio_nss": 27,

    "radio_dio0_2": 39,
    "radio_dio1_2": 34,
    "radio_nss_2": 13,

    "power_rxen": 10,
    "power_txen": 14,
    "power_rxen_2": 9,
    "power_txen_2": 15,

    "power_min": 0,
    "power_high": 2,
    "power_max": 2,
    "power_default": 2,
    "power_control": 0,
    "power_values": [8,12,15],

    "led_rgb": 22,
    "led_rgb_isgrb": true,
    "ledidx_rgb_status": [0],
    "ledidx_rgb_boot": [0],

    "button": 0
}
