{
    "radio_busy": 36,
    "radio_dio1": 37,
    "radio_miso": 33,
    "radio_mosi": 32,
    "radio_nss": 27,
    "radio_rst": 13,
    "radio_sck": 25,
    "radio_dcdc": true,
    "ant_ctrl": 5,
    "power_txen": 26,
    "power_min": 0,
    "power_high": 2,
    "power_max": 2,
    "power_default": 2,
    "power_control": 0,
    "power_values": [-4,-2,2],
    "i2c_sda": 23,
    "i2c_scl": 18,
    "led": 21,
    "pwm_outputs": [14,1,3,15,2,4],
    "vbat": 39,
    "button": 0,
    "vbat_scale": 1024,
    "vbat_offset": -62,
    "vbat_atten": 7
}